Taxon;Phylum.Classe
Acanthogonyaulax spinifera;Dinophyceae
Acanthoica;Haptophyta
Achnanthaceae;Bacillariophyceae
Achnanthes;Bacillariophyceae
Achnanthes brevipes;Bacillariophyceae
Achnanthidium;Bacillariophyceae
Achnanthidium capitatum;Bacillariophyceae
Achradina;Dinophyceae
Actinastrum;Chlorophyta
Actinocyclus;Bacillariophyceae
Actinocyclus normanii;Bacillariophyceae
Actinoptychus;Bacillariophyceae
Actinoptychus octonarius;Bacillariophyceae
Actinoptychus senarius;Bacillariophyceae
Actinoptychus splendens;Bacillariophyceae
Adenoides;Dinophyceae
Adenoides eludens;Dinophyceae
Adlafia;Bacillariophyceae
Akashiwo;Dinophyceae
Akashiwo sanguinea;Dinophyceae
Alexandrium;Dinophyceae
Alexandrium affine;Dinophyceae
Alexandrium andersonii;Dinophyceae
Alexandrium catenella;Dinophyceae
Alexandrium hiranoi;Dinophyceae
Alexandrium insuetum;Dinophyceae
Alexandrium leei;Dinophyceae
Alexandrium margalefii;Dinophyceae
Alexandrium minutum;Dinophyceae
Alexandrium ostenfeldii;Dinophyceae
Alexandrium pseudogonyaulax;Dinophyceae
Alexandrium tamarense;Dinophyceae
Alexandrium tamarense + catenella + tamutum;Dinophyceae
Alexandrium tamutum;Dinophyceae
Amphidiniopsis;Dinophyceae
Amphidinium;Dinophyceae
Amphidinium + Katodinium;Dinophyceae
Amphidinium acutissimum;Dinophyceae
Amphidinium carterae;Dinophyceae
Amphidinium carterae + operculatum;Dinophyceae
Amphidinium crassum;Dinophyceae
Amphidinium sphenoides;Dinophyceae
Amphidoma;Dinophyceae
Amphidomataceae;Dinophyceae
Amphipleura;Bacillariophyceae
Amphiprora;Bacillariophyceae
Amphiprora conserta;Bacillariophyceae
Amphisolenia bidentata;Dinophyceae
Amphisolenia schroederi;Dinophyceae
Amphora;Bacillariophyceae
Amphora bigibba;Bacillariophyceae
Amphora bigibba var. bigibba;Bacillariophyceae
Amphora crassa;Bacillariophyceae
Amphora decussata;Bacillariophyceae
Amphora laevis;Bacillariophyceae
Amphora lineolata;Bacillariophyceae
Amphora obtusa;Bacillariophyceae
Amphora ocellata;Bacillariophyceae
Amphora ostrearia;Bacillariophyceae
Amphora ovalis;Bacillariophyceae
Amphora proboscidea;Bacillariophyceae
Amylax;Dinophyceae
Amylax triacantha;Dinophyceae
Amylax triacantha + buxus;Dinophyceae
Anabaena;Cyanophyceae
Anisonema;Euglenozoa
Ankistrodesmus;Chlorophyta
Apedinella radians;Dictyochophyceae
Aphanocapsa;Cyanophyceae
Archaeperidinium minutum;Dinophyceae
Arcuatasigma closterioides;Bacillariophyceae
Ardissonea;Bacillariophyceae
Asterionella;Bacillariophyceae
Asterionella + Asterionellopsis + Asteroplanus;Bacillariophyceae
Asterionella formosa;Bacillariophyceae
Asterionella formosa var. gracillima;Bacillariophyceae
Asterionella notata;Bacillariophyceae
Asterionellopsis;Bacillariophyceae
Asterionellopsis glacialis;Bacillariophyceae
Asterodinium;Dinophyceae
Asterolampra;Bacillariophyceae
Asterolampra marylandica;Bacillariophyceae
Asterolampraceae;Bacillariophyceae
Asteromphalus;Bacillariophyceae
Asteromphalus cleveanus;Bacillariophyceae
Asteromphalus flabellatus;Bacillariophyceae
Asteromphalus heptactis;Bacillariophyceae
Asteroplanus;Bacillariophyceae
Asteroplanus karianus;Bacillariophyceae
Attheya;Bacillariophyceae
Attheya armata;Bacillariophyceae
Aulacodiscus;Bacillariophyceae
Aulacoseira;Bacillariophyceae
Aulacoseira granulata;Bacillariophyceae
Auricula;Bacillariophyceae
Auricula complexa;Bacillariophyceae
Azadinium;Dinophyceae
Azadinium caudatum;Dinophyceae
Azadinium spinosum;Dinophyceae
Bacillaria;Bacillariophyceae
Bacillaria paxillifera;Bacillariophyceae
Bacillariaceae;Bacillariophyceae
Bacillariophyceae;Bacillariophyceae
Bacillariophycidae;Bacillariophyceae
Bacteriastrum;Bacillariophyceae
Bacteriastrum biconicum;Bacillariophyceae
Bacteriastrum comosum;Bacillariophyceae
Bacteriastrum delicatulum;Bacillariophyceae
Bacteriastrum elegans;Bacillariophyceae
Bacteriastrum elongatum;Bacillariophyceae
Bacteriastrum furcatum;Bacillariophyceae
Bacteriastrum hyalinum;Bacillariophyceae
Bacteriastrum jadranum;Bacillariophyceae
Bacteriastrum mediterraneum;Bacillariophyceae
Bellerochea;Bacillariophyceae
Bellerochea horologicalis;Bacillariophyceae
Berkeleya;Bacillariophyceae
Biddulphia;Bacillariophyceae
Biddulphia biddulphiana;Bacillariophyceae
Biddulphia membranacea;Bacillariophyceae
Biddulphia reticulata f. reticulata;Bacillariophyceae
Biddulphia rhombus;Bacillariophyceae
Biddulphia tuomeyi;Bacillariophyceae
Biddulphiaceae;Bacillariophyceae
Biddulphiopsis;Bacillariophyceae
Biddulphiopsis membranacea;Bacillariophyceae
Biddulphiopsis titiana;Bacillariophyceae
Bleakeleya;Bacillariophyceae
Bleakeleya notata;Bacillariophyceae
Blepharocysta;Dinophyceae
Brachidinium;Dinophyceae
Brachidinium capitatum;Dinophyceae
Brockmanniella;Bacillariophyceae
Brockmanniella brockmannii;Bacillariophyceae
Cachonodinium caudatum;Dinophyceae
Calciopappus caudatus;Haptophyta
Calciosolenia brasiliensis;Haptophyta
Calciosolenia murrayi;Haptophyta
Caloneis;Bacillariophyceae
Calyptrosphaera;Haptophyta
Campylodiscus;Bacillariophyceae
Campylodiscus decorus;Bacillariophyceae
Campyloneis;Bacillariophyceae
Campylosira;Bacillariophyceae
Campylosira cymbelliformis;Bacillariophyceae
Carinasigma rectum;Bacillariophyceae
Catenula;Bacillariophyceae
Centriques;Bacillariophyceae
Centritractus;Xanthophyceae
Centrodinium;Dinophyceae
Cerataulina;Bacillariophyceae
Cerataulina bicornis;Bacillariophyceae
Cerataulina dentata;Bacillariophyceae
Cerataulina pelagica;Bacillariophyceae
Cerataulus;Bacillariophyceae
Cerataulus laevis var. paludosa;Bacillariophyceae
Ceratiaceae;Dinophyceae
Ceratium;Dinophyceae
Ceratium fusus var. fusus;Dinophyceae
Ceratium tripos + Ceratium a cornes recourbees;Dinophyceae
Ceratocorys;Dinophyceae
Ceratocorys gourretii;Dinophyceae
Ceratoperidinium;Dinophyceae
Ceratoperidinium falcatum;Dinophyceae
Ceratoperidinium margalefii;Dinophyceae
Ceratoperidinium yeye;Dinophyceae
Chaetoceros;Bacillariophyceae
Chaetoceros (Hyalochaete);Bacillariophyceae
Chaetoceros aequatorialis;Bacillariophyceae
Chaetoceros affinis;Bacillariophyceae
Chaetoceros anastomosans;Bacillariophyceae
Chaetoceros atlanticus;Bacillariophyceae
Chaetoceros borealis;Bacillariophyceae
Chaetoceros brevis;Bacillariophyceae
Chaetoceros castracanei;Bacillariophyceae
Chaetoceros ceratosporum var. ceratosporus;Bacillariophyceae
Chaetoceros ceratosporus;Bacillariophyceae
Chaetoceros coarctatus;Bacillariophyceae
Chaetoceros compressus;Bacillariophyceae
Chaetoceros constrictus;Bacillariophyceae
Chaetoceros convolutus;Bacillariophyceae
Chaetoceros costatus;Bacillariophyceae
Chaetoceros curvisetus;Bacillariophyceae
Chaetoceros curvisetus + debilis + pseudocurvisetus;Bacillariophyceae
Chaetoceros dadayi;Bacillariophyceae
Chaetoceros danicus;Bacillariophyceae
Chaetoceros debilis;Bacillariophyceae
Chaetoceros decipiens;Bacillariophyceae
Chaetoceros decipiens + lorenzianus;Bacillariophyceae
Chaetoceros densus;Bacillariophyceae
Chaetoceros densus + eibenii + borealis + castracanei;Bacillariophyceae
Chaetoceros diadema;Bacillariophyceae
Chaetoceros dichaeta;Bacillariophyceae
Chaetoceros didymus;Bacillariophyceae
Chaetoceros didymus + protuberans;Bacillariophyceae
Chaetoceros diversus;Bacillariophyceae
Chaetoceros eibenii;Bacillariophyceae
Chaetoceros fragilis;Bacillariophyceae
Chaetoceros fragilis + wighamii + diversus;Bacillariophyceae
Chaetoceros furcellatus;Bacillariophyceae
Chaetoceros laciniosus;Bacillariophyceae
Chaetoceros laeve;Bacillariophyceae
Chaetoceros lauderi;Bacillariophyceae
Chaetoceros lorenzianus;Bacillariophyceae
Chaetoceros messanense;Bacillariophyceae
Chaetoceros mitra;Bacillariophyceae
Chaetoceros neapolitanus;Bacillariophyceae
Chaetoceros neglectus;Bacillariophyceae
Chaetoceros neogracile;Bacillariophyceae
Chaetoceros neogracilis;Bacillariophyceae
Chaetoceros pacificus;Bacillariophyceae
Chaetoceros pendulus;Bacillariophyceae
Chaetoceros perpusillus;Bacillariophyceae
Chaetoceros peruvianus;Bacillariophyceae
Chaetoceros protuberans;Bacillariophyceae
Chaetoceros pseudocrinitus;Bacillariophyceae
Chaetoceros pseudocurvisetus;Bacillariophyceae
Chaetoceros radicans;Bacillariophyceae
Chaetoceros rostratus;Bacillariophyceae
Chaetoceros saltans;Bacillariophyceae
Chaetoceros seiracanthus;Bacillariophyceae
Chaetoceros similis;Bacillariophyceae
Chaetoceros simplex;Bacillariophyceae
Chaetoceros socialis;Bacillariophyceae
Chaetoceros socialis + socialis f. radians;Bacillariophyceae
Chaetoceros socialis f. radians;Bacillariophyceae
Chaetoceros subtilis;Bacillariophyceae
Chaetoceros subtilis var. abnormis;Bacillariophyceae
Chaetoceros tenuissimus;Bacillariophyceae
Chaetoceros teres;Bacillariophyceae
Chaetoceros tetrastichon;Bacillariophyceae
Chaetoceros tortissimus;Bacillariophyceae
Chaetoceros wighamii;Bacillariophyceae
Chaetocerotaceae;Bacillariophyceae
Chattonella;Raphidophyceae
Chattonellales;Raphidophyceae
Chilomonas;Cryptophyceae
Chlamydomonas;Chlorophyta
Chlorella;Chlorophyta
Chlorodendrales;Chlorophyta
Chlorophyceae;Chlorophyta
Chlorophyta;Chlorophyta
Choanofila;Choanozoa
Chromista;Chromista
Chromulina;Chrysophyceae
Chroococcales;Cyanophyceae
Chroococcus;Cyanophyceae
Chroomonas;Cryptophyceae
Chrysanthemodiscus floriatus;Bacillariophyceae
Chrysochromulina;Haptophyta
Chrysochromulina parkeae;Haptophyta
Chrysococcus;Chrysophyceae
Chrysophyceae;Chrysophyceae
Chrysosphaerella;Chrysophyceae
Ciliophora;Ciliophora
Citharistes apsteinii;Dinophyceae
Cladopyxis brachiolata;Dinophyceae
Climacodium frauenfeldianum;Bacillariophyceae
Climaconeis;Bacillariophyceae
Climaconeis inflexa;Bacillariophyceae
Climaconeis lorenzii;Bacillariophyceae
Climacosphenia;Bacillariophyceae
Climacosphenia moniligera;Bacillariophyceae
Closteriopsis;Chlorophyta
Closterium;Charophyta
Closterium acutum;Charophyta
Coccolithaceae;Haptophyta
Coccolithophora;Haptophyta
Coccolithophyceae;Haptophyta
Coccolithus;Haptophyta
Coccolithus pelagicus;Haptophyta
Cocconeis;Bacillariophyceae
Cocconeis dirupta;Bacillariophyceae
Cocconeis molesta var. crucifera;Bacillariophyceae
Cocconeis pellucida;Bacillariophyceae
Cocconeis pseudomarginata;Bacillariophyceae
Cocconeis scutellum;Bacillariophyceae
Cocconeis speciosa;Bacillariophyceae
Cocconeis stauroneiformis;Bacillariophyceae
Coccosphaerales;Haptophyta
Cochlodinium;Dinophyceae
Cochlodinium helicoides;Dinophyceae
Cochlodinium polykrikoides;Dinophyceae
Coelastrum;Chlorophyta
Coenochloris;Chlorophyta
Coolia;Dinophyceae
Corethron;Bacillariophyceae
Corethron criophilum;Bacillariophyceae
Corethron pennatum;Bacillariophyceae
Coronosphaera;Haptophyta
Corymbellus;Haptophyta
Corythodinium;Dinophyceae
Corythodinium biconicum;Dinophyceae
Corythodinium curvicaudatum;Dinophyceae
Corythodinium diploconus;Dinophyceae
Corythodinium frenguellii;Dinophyceae
Corythodinium mucronatum;Dinophyceae
Corythodinium tesselatum;Dinophyceae
Coscinodiscaceae;Bacillariophyceae
Coscinodiscales;Bacillariophyceae
Coscinodiscophycidae;Bacillariophyceae
Coscinodiscus;Bacillariophyceae
Coscinodiscus + Stellarima;Bacillariophyceae
Coscinodiscus asteromphalus;Bacillariophyceae
Coscinodiscus asteromphalus + oculus-iridis + perforatus;Bacillariophyceae
Coscinodiscus concinnus;Bacillariophyceae
Coscinodiscus curvatulus;Bacillariophyceae
Coscinodiscus granii;Bacillariophyceae
Coscinodiscus jonesianus var. aculeata;Bacillariophyceae
Coscinodiscus kurzii;Bacillariophyceae
Coscinodiscus marginatus;Bacillariophyceae
Coscinodiscus oculus-iridis;Bacillariophyceae
Coscinodiscus radiatus;Bacillariophyceae
Coscinodiscus radiatus + marginatus;Bacillariophyceae
Coscinodiscus wailesii;Bacillariophyceae
Cosmarium;Charophyta
Crucigenia;Chlorophyta
Crucigenia tetrapedia;Chlorophyta
Cryptomonadales;Cryptophyceae
Cryptomonas;Cryptophyceae
Cryptophyceae;Cryptophyceae
Cucumeridinium coeruleum;Dinophyceae
Cyanobacteria;Cyanophyceae
Cyanophyceae;Cyanophyceae
Cyclophora tenuis;Bacillariophyceae
Cyclotella;Bacillariophyceae
Cyclotella comta;Bacillariophyceae
Cyclotella meneghiniana;Bacillariophyceae
Cyclotella striata;Bacillariophyceae
Cyclotella stylorum;Bacillariophyceae
Cylindrospermopsis;Cyanophyceae
Cylindrotheca;Bacillariophyceae
Cylindrotheca closterium;Bacillariophyceae
Cylindrotheca closterium + Nitzschia longissima;Bacillariophyceae
Cylindrotheca gracilis;Bacillariophyceae
Cymatodiscus planetophorus;Bacillariophyceae
Cymatopleura;Bacillariophyceae
Cymatosiraceae;Bacillariophyceae
Cymatotheca;Bacillariophyceae
Cymatotheca weissflogii;Bacillariophyceae
Cymbella;Bacillariophyceae
Cymbellaceae;Bacillariophyceae
Cystodinium;Dinoflagellata incertae sedis
Dactyliosolen;Bacillariophyceae
Dactyliosolen antarcticus;Bacillariophyceae
Dactyliosolen blavyanus;Bacillariophyceae
Dactyliosolen fragilissimus;Bacillariophyceae
Dactyliosolen mediterraneus;
Dactyliosolen phuketensis;Bacillariophyceae
Delphineis;Bacillariophyceae
Denticula;Bacillariophyceae
Desmodesmus communis;Chlorophyta
Detonula;Bacillariophyceae
Detonula confervacea;Bacillariophyceae
Detonula moseleyana;Bacillariophyceae
Detonula pumila;Bacillariophyceae
Diadesmis;Bacillariophyceae
Diatoma;Bacillariophyceae
Dictyocha;Dictyochophyceae
Dictyocha fibula;Dictyochophyceae
Dictyocha speculum;Dictyochophyceae
Dictyochaceae;Dictyochophyceae
Dictyochales;Dictyochophyceae
Dictyochophyceae;Dictyochophyceae
Dictyosphaerium;Chlorophyta
Didymocystis;Chlorophyta
Dimeregramma;Bacillariophyceae
Dimeregramma marinum;Bacillariophyceae
Dinobryaceae;Chrysophyceae
Dinobryon;Chrysophyceae
Dinococcus;Dinoflagellata incertae sedis
Dinoflagellata;Dinoflagellata
Dinoflagellata incertae sedis;Dinoflagellata incertae sedis
Dinophyceae;Dinophyceae
Dinophysiaceae;Dinophyceae
Dinophysiales;Dinophyceae
Dinophysis;Dinophyceae
Dinophysis + phalacroma;Dinophyceae
Dinophysis acuminata;Dinophyceae
Dinophysis acuta;Dinophyceae
Dinophysis amandula;Dinophyceae
Dinophysis caudata;Dinophyceae
Dinophysis fortii;Dinophyceae
Dinophysis hastata;Dinophyceae
Dinophysis hastata + odiosa;Dinophyceae
Dinophysis miles;Dinophyceae
Dinophysis nasuta;Dinophyceae
Dinophysis norvegica;Dinophyceae
Dinophysis sacculus;Dinophyceae
Dinophysis similis;Dinophyceae
Dinophysis tripos;Dinophyceae
Diploneis;Bacillariophyceae
Diploneis bombus;Bacillariophyceae
Diploneis crabro;Bacillariophyceae
Diploneis elliptica;Bacillariophyceae
Diploneis ovalis;Bacillariophyceae
Diploneis ovalis var. oblongella;Bacillariophyceae
Diploneis suborbicularis;Bacillariophyceae
Diploneis weissflogii;Bacillariophyceae
Diplopelta bomba;Dinophyceae
Diplopsalis;Dinophyceae
Diplopsalis + Diplopelta + Diplopsalopsis + Preperidinium + Oblea;Dinophyceae
Diplopsalopsis;Dinophyceae
Diplopsalopsis orbicularis;Dinophyceae
Discosphaera;Haptophyta
Discosphaera tubifer;Haptophyta
Ditylum;Bacillariophyceae
Ditylum brightwellii;Bacillariophyceae
Ditylum sol;Bacillariophyceae
Donkinia;Bacillariophyceae
Dunaliella;Chlorophyta
Ebria;Ebriophyceae
Ebria tripartita;Ebriophyceae
Ebriaceae;Ebriophyceae
Emiliania;Haptophyta
Emiliania huxleyi;Haptophyta
Encyonema;Bacillariophyceae
Ensiculifera;Dinophyceae
Entomoneidaceae;Bacillariophyceae
Entomoneis;Bacillariophyceae
Entomoneis alata;Bacillariophyceae
Entomoneis ornata;Bacillariophyceae
Entomoneis paludosa;Bacillariophyceae
Entomoneis tenera;Bacillariophyceae
Epithemia;Bacillariophyceae
Erythropsidinium;Dinophyceae
Eucampia;Bacillariophyceae
Eucampia + Climacodium;Bacillariophyceae
Eucampia cornuta;Bacillariophyceae
Eucampia zodiacus;Bacillariophyceae
Eudorina;Chlorophyta
Euglena;Euglenozoa
Euglenaceae;Euglenozoa
Euglenia;Euglenozoa
Euglenoidea;Euglenozoa
Eunotia;Bacillariophyceae
Eunotogramma;Bacillariophyceae
Eutreptia;Euglenozoa
Eutreptiaceae;Euglenozoa
Eutreptiella;Euglenozoa
Eutreptiida;Euglenozoa
Fallacia;Bacillariophyceae
Fibrocapsa;Raphidophyceae
Fibrocapsa japonica;Raphidophyceae
Florella portoricensis;Bacillariophyceae
Fragilaria;Bacillariophyceae
Fragilaria acus;Bacillariophyceae
Fragilaria hyalina;Bacillariophyceae
Fragilariaceae;Bacillariophyceae
Fragilariophycidae;Bacillariophyceae
Fragilariopsis;Bacillariophyceae
Fragilariopsis doliolus;Bacillariophyceae
Fragilidium;Dinophyceae
Franceia;Chlorophyta
Frustulia vermicularis;Bacillariophyceae
Gambierdiscus;Dinophyceae
Gephyrocapsa;Haptophyta
Gephyrocapsa oceanica;Haptophyta
Glenodiniopsis;Dinophyceae
Glenodinium;Dinophyceae
Gloeocapsa;Cyanophyceae
Golenkinia;Chlorophyta
Gomphonema;Bacillariophyceae
Gomphonema gracile;Bacillariophyceae
Gomphonemataceae;Bacillariophyceae
Goniodoma;Dinophyceae
Goniodoma polyedricum;Dinophyceae
Goniodoma sphaericum;Dinophyceae
Goniodomataceae;Dinophyceae
Gonyaulacaceae;Dinophyceae
Gonyaulacales;Dinophyceae
Gonyaulax;Dinophyceae
Gonyaulax birostris;Dinophyceae
Gonyaulax complexe spinifera (diegensis + digitale + spinifera);Dinophyceae
Gonyaulax digitale;Dinophyceae
Gonyaulax digitalis;Dinophyceae
Gonyaulax fusiformis;Dinophyceae
Gonyaulax kofoidii;Dinophyceae
Gonyaulax pacifica;Dinophyceae
Gonyaulax polygramma;Dinophyceae
Gonyaulax spinifera;Dinophyceae
Gonyaulax verior;Dinophyceae
Gonyostomum;Raphidophyceae
Grammatophora;Bacillariophyceae
Grammatophora angulosa;Bacillariophyceae
Grammatophora angulosa var. angulosa;Bacillariophyceae
Grammatophora hamulifera;Bacillariophyceae
Grammatophora marina;Bacillariophyceae
Grammatophora oceanica;Bacillariophyceae
Grammatophora serpentina;Bacillariophyceae
Grammatophora undulata;Bacillariophyceae
Guinardia;Bacillariophyceae
Guinardia cylindrus;Bacillariophyceae
Guinardia delicatula;Bacillariophyceae
Guinardia flaccida;Bacillariophyceae
Guinardia striata;Bacillariophyceae
Gymnodiniaceae;Dinophyceae
Gymnodiniales;Dinophyceae
Gymnodinium;Dinophyceae
Gymnodinium + Gyrodinium;Dinophyceae
Gymnodinium catenatum;Dinophyceae
Gymnodinium heterostriatum;Dinophyceae
Gymnodinium impudicum;Dinophyceae
Gyrodinium;Dinophyceae
Gyrodinium flagellare;Dinophyceae
Gyrodinium fusiforme;Dinophyceae
Gyrodinium fusus;Dinophyceae
Gyrodinium spirale;Dinophyceae
Gyrosigma;Bacillariophyceae
Gyrosigma fasciola;Bacillariophyceae
Gyrosigma lineare;Bacillariophyceae
Gyrosigma prolongatum;Bacillariophyceae
Gyrosigma reversum;Bacillariophyceae
Halamphora;Bacillariophyceae
Halamphora costata;Bacillariophyceae
Halosphaera;Chlorophyta
Hantzschia;Bacillariophyceae
Haptolina hirta + ericina + Chrysochromulina spinifera;Haptophyta
Haptophyta;Haptophyta
Haslea;Bacillariophyceae
Haslea ostrearia;Bacillariophyceae
Haslea spicula;Bacillariophyceae
Haslea wawrikae;Bacillariophyceae
Helicostomella;Ciliophora
Helicotheca;Bacillariophyceae
Helicotheca tamesis;Bacillariophyceae
Heliopeltaceae;Bacillariophyceae
Helladosphaera;Haptophyta
Hemiaulus;Bacillariophyceae
Hemiaulus hauckii;Bacillariophyceae
Hemiaulus membranaceus;Bacillariophyceae
Hemiaulus sinensis;Bacillariophyceae
Hemidinium;Dinophyceae
Hemidiscaceae;Bacillariophyceae
Hemidiscus;Bacillariophyceae
Hemidiscus cuneiformis;Bacillariophyceae
Hemidiscus ovalis;Bacillariophyceae
Hermesinum;Ebriophyceae
Hermesinum adriaticum;Ebriophyceae
Heterocapsa;Dinophyceae
Heterocapsa minima;Dinophyceae
Heterocapsa niei;Dinophyceae
Heterocapsa rotundata;Dinophyceae
Heterocapsa triquetra;Dinophyceae
Heterocapsaceae;Dinophyceae
Heterodinium;Dinophyceae
Heterodinium milneri;Dinophyceae
Heterosigma;Raphidophyceae
Heterosigma akashiwo;Raphidophyceae
Histioneis;Dinophyceae
Histioneis cymbalaria;Dinophyceae
Histioneis depressa;Dinophyceae
Histioneis gregoryi;Dinophyceae
Histioneis karstenii;Dinophyceae
Histioneis megalocopa;Dinophyceae
Histioneis paraformis;Dinophyceae
Histioneis subcarinata;Dinophyceae
Hyalodiscaceae;Bacillariophyceae
Hyalodiscus;Bacillariophyceae
Hyalosira interrupta;Bacillariophyceae
Hydrosera;Bacillariophyceae
Isthmia;Bacillariophyceae
Isthmia enervis;Bacillariophyceae
Isthmia japonica;Bacillariophyceae
Isthmia minima;Bacillariophyceae
Isthmochloron;Xanthophyceae
Karenia;Dinophyceae
Karenia bicuneiformis;Dinophyceae
Karenia brevis;Dinophyceae
Karenia brevis + papilionacea;Dinophyceae
Karenia mikimotoi;Dinophyceae
Karenia papilionacea;Dinophyceae
Karenia selliformis;Dinophyceae
Kareniaceae;Dinophyceae
Karlodinium;Dinophyceae
Karlodinium veneficum;Dinophyceae
Katodinium;Dinophyceae
Katodinium glaucum;Dinophyceae
Kephyrion;Chrysophyceae
Khakista;Khakista
Kirchneriella;Chlorophyta
Kofoidinium;Dinophyceae
Kofoidinium velleloides;Dinophyceae
Kryptoperidinium;Dinophyceae
Kryptoperidinium foliaceum;Dinophyceae
Laboea;Ciliophora
Lagerheimia;Chlorophyta
Lampriscus orbiculatum;Bacillariophyceae
Lampriscus shadboltianum;Bacillariophyceae
Lauderia;Bacillariophyceae
Lauderia + Detonula;Bacillariophyceae
Lauderia annulata;Bacillariophyceae
Lepidodinium;Dinophyceae
Lepidodinium chlorophorum;Dinophyceae
Lepocinclis;Euglenozoa
Leptocylindraceae;Bacillariophyceae
Leptocylindrus;Bacillariophyceae
Leptocylindrus danicus;Bacillariophyceae
Leptocylindrus mediterraneus;Bacillariophyceae
Leptocylindrus minimus;Bacillariophyceae
Leptocylindrus, complexe danicus groupe des larges (danicus + curvatus + mediterraneus + aporus + convexus + hargravesii + adriaticus);Bacillariophyceae
Leptocylindrus, complexe minimus groupe des fines (L. minimus + Tenuicylindrus belgicus);Bacillariophyceae
Leptolyngbya;Cyanophyceae
Lessardia;Dinophyceae
Lessardia elongata;Dinophyceae
Levanderina fissa;Dinophyceae
Licmophora;Bacillariophyceae
Licmophora abbreviata;Bacillariophyceae
Licmophora ehrenbergii;Bacillariophyceae
Licmophora flabellata;Bacillariophyceae
Licmophora grandis;Bacillariophyceae
Licmophora remulus;Bacillariophyceae
Licmophora tenuis;Bacillariophyceae
Licmosphenia peragallioides;Bacillariophyceae
Lingulodinium;Dinophyceae
Lingulodinium polyedra;Dinophyceae
Lioloma;Bacillariophyceae
Lioloma elongatum;Bacillariophyceae
Lioloma pacificum;Bacillariophyceae
Lithodesmiaceae;Bacillariophyceae
Lithodesmium;Bacillariophyceae
Lithodesmium undulatum;Bacillariophyceae
Lyngbya;Cyanophyceae
Lyrella;Bacillariophyceae
Lyrella lyra;Bacillariophyceae
Mallomonas;Synurophyceae
Manguinea fusiformis;Bacillariophyceae
Mastogloia;Bacillariophyceae
Mastogloia angulata;Bacillariophyceae
Mastogloia apiculata;Bacillariophyceae
Mastogloia corsicana;Bacillariophyceae
Mastogloia elliptica;Bacillariophyceae
Mastogloia exigua;Bacillariophyceae
Mastogloia fimbriata;Bacillariophyceae
Mastogloia hustedtii;Bacillariophyceae
Mastogloia meisteri;Bacillariophyceae
Mastogloia rostratra;Bacillariophyceae
Mastogloia sigillata;Bacillariophyceae
Mastogloia splendida;Bacillariophyceae
Mediopyxis;Khakista
Mediopyxis helysia;Khakista
Melosira;Bacillariophyceae
Melosira lineata;Bacillariophyceae
Melosira moniliformis;Bacillariophyceae
Melosira nummuloides;Bacillariophyceae
Melosiraceae;Bacillariophyceae
Meringosphaera;Xanthophyceae
Merismopedia;Cyanophyceae
Mesodinium;Ciliophora
Mesodinium rubrum;Ciliophora
Mesoporos;Dinophyceae
Metaphalacroma;Dinophyceae
Meuniera;Bacillariophyceae
Meuniera membranacea;Bacillariophyceae
Michaelsarsia adriatica;Haptophyta
Michaelsarsia elegans;Haptophyta
Micracanthodinium;Dinophyceae
Microcystis;Cyanophyceae
Minidiscus;Bacillariophyceae
Minutocellus;Bacillariophyceae
Miraltia throndsenii;Bacillariophyceae
Monactinus simplex;Chlorophyta
Monoraphidium;Chlorophyta
Nannochloris;Chlorophyta
Nanoflagelles;Autres nanoflagelles
Navicula;Bacillariophyceae
Navicula + Fallacia + Haslea + Lyrella + Petroneis;Bacillariophyceae
Navicula angusta;Bacillariophyceae
Navicula arenaria;Bacillariophyceae
Navicula cancellata;Bacillariophyceae
Navicula cari;Bacillariophyceae
Navicula constricta;Bacillariophyceae
Navicula directa;Bacillariophyceae
Navicula gregaria;Bacillariophyceae
Navicula gregaria + cryptocephala;Bacillariophyceae
Navicula hippocampus var. hippocampus;Bacillariophyceae
Navicula pelagica;Bacillariophyceae
Navicula smithii f. borealis;Bacillariophyceae
Navicula transitans;Bacillariophyceae
Navicula tripunctata;Bacillariophyceae
Naviculaceae;Bacillariophyceae
Naviculales;Bacillariophyceae
Nematodinium;Dinophyceae
Neocalyptrella;Bacillariophyceae
Neocalyptrella robusta;Bacillariophyceae
Neoceratium;Dinophyceae
Neoceratium arietinum;Dinophyceae
Neoceratium azoricum;Dinophyceae
Neoceratium candelabrum;Dinophyceae
Neoceratium concilians;Dinophyceae
Neoceratium contortum;Dinophyceae
Neoceratium declinatum;Dinophyceae
Neoceratium euarcuatum;Dinophyceae
Neoceratium furca;Dinophyceae
Neoceratium hexacanthum;Dinophyceae
Neoceratium kofoidii;Dinophyceae
Neoceratium macroceros;Dinophyceae
Neoceratium minutum;Dinophyceae
Neoceratium pentagonum;Dinophyceae
Neoceratium ranipes;Dinophyceae
Neosynedra;Bacillariophyceae
Nephrocytium;Chlorophyta
Nephroselmis;Chlorophyta
Nitzschia;Bacillariophyceae
Nitzschia + Hantzschia;Bacillariophyceae
Nitzschia bicapitata;Bacillariophyceae
Nitzschia clausii;Bacillariophyceae
Nitzschia constricta;Bacillariophyceae
Nitzschia distans;Bacillariophyceae
Nitzschia fluminensis;Bacillariophyceae
Nitzschia fusiformis;Bacillariophyceae
Nitzschia incerta;Bacillariophyceae
Nitzschia inconspicua;Bacillariophyceae
Nitzschia incurva;Bacillariophyceae
Nitzschia linearis;Bacillariophyceae
Nitzschia longissima;Bacillariophyceae
Nitzschia longissima var. reversa;Bacillariophyceae
Nitzschia lorenziana var. incerta;Bacillariophyceae
Nitzschia obtusa;Bacillariophyceae
Nitzschia palea;Bacillariophyceae
Nitzschia panduriformis;Bacillariophyceae
Nitzschia panduriformis var. minor;Bacillariophyceae
Nitzschia rectilonga;Bacillariophyceae
Nitzschia sicula;Bacillariophyceae
Nitzschia sigma;Bacillariophyceae
Nitzschia sigma var. indica;Bacillariophyceae
Nitzschia sigma var. intercedens;Bacillariophyceae
Nitzschia sigmoidea;Bacillariophyceae
Nitzschia spathulata;Bacillariophyceae
Noctiluca;Dinophyceae
Noctiluca scintillans;Dinophyceae
Noctilucaceae;Dinophyceae
Noctilucales;Dinophyceae
Nodularia;Cyanophyceae
Nostoc;Cyanophyceae
Oblea;Dinophyceae
Ochromonas;Chrysophyceae
Octactis;Dictyochophyceae
Octactis octonaria;Dictyochophyceae
Odontella;Bacillariophyceae
Odontella aurita;Bacillariophyceae
Odontella aurita var. minima;Bacillariophyceae
Odontella granulata;Bacillariophyceae
Odontella longicruris;Bacillariophyceae
Odontella sinensis;Bacillariophyceae
Olisthodiscus;Raphidophyceae
Oocystis;Chlorophyta
Opephora;Bacillariophyceae
Ophiaster;Haptophyta
Ophiaster hydroideus;Haptophyta
Ornithocercus;Dinophyceae
Ornithocercus heteroporus;Dinophyceae
Ornithocercus magnificus;Dinophyceae
Ornithocercus quadratus;Dinophyceae
Ornithocercus steinii;Dinophyceae
Oscillatoria;Cyanophyceae
Oscillatoriales;Cyanophyceae
Ostreococcus;Chlorophyta
Ostreopsis;Dinophyceae
Ostreopsis lenticularis;Dinophyceae
Ostreopsis ovata;Dinophyceae
Oxyrrhis;Dinophyceae
Oxyrrhis marina;Dinophyceae
Oxytoxaceae;Dinophyceae
Oxytoxum;Dinophyceae
Oxytoxum + Corythodinium;Dinophyceae
Oxytoxum caudatum;Dinophyceae
Oxytoxum challengeroides;Dinophyceae
Oxytoxum constrictum;Dinophyceae
Oxytoxum curvatum;Dinophyceae
Oxytoxum depressum;Dinophyceae
Oxytoxum gladiolus;Dinophyceae
Oxytoxum globosum;Dinophyceae
Oxytoxum gracile;Dinophyceae
Oxytoxum laticeps;Dinophyceae
Oxytoxum longiceps;Dinophyceae
Oxytoxum longum;Dinophyceae
Oxytoxum mitra;Dinophyceae
Oxytoxum parvum;Dinophyceae
Oxytoxum sceptrum;Dinophyceae
Oxytoxum scolopax;Dinophyceae
Oxytoxum sphaeroideum;Dinophyceae
Oxytoxum tesselatum;Dinophyceae
Oxytoxum turbo;Dinophyceae
Oxytoxum variabile;Dinophyceae
Oxytoxum viride;Dinophyceae
Pachysphaera + Pterosperma;Chlorophyta
Palaeophalacroma;Dinophyceae
Pandorina;Chlorophyta
Paralia;Bacillariophyceae
Paralia sulcata;Bacillariophyceae
Parlibellus biblos;Bacillariophyceae
Pediastrum;Chlorophyta
Pedinellales;Dictyochophyceae
Pennées;Bacillariophyceae
Pentapharsodinium;Dinophyceae
Peridinea;Dinophyceae
Peridiniaceae;Dinophyceae
Peridiniales;Dinophyceae
Peridiniella;Dinophyceae
Peridiniella catenata;Dinophyceae
Peridiniida incertae sedis;Dinophyceae
Peridinium;Dinophyceae
Peridinium limbatum;Dinophyceae
Peridinium quadridentatum;Dinophyceae
Phacotus;Chlorophyta
Phacus;Euglenozoa
Phaeocystis;Haptophyta
Phaeodactylum tricornutum;Bacillariophyceae
Phalacroma;Dinophyceae
Phalacroma cuneus;Dinophyceae
Phalacroma doryphorum;Dinophyceae
Phalacroma mitra;Dinophyceae
Phalacroma oxytoxoides;Dinophyceae
Phalacroma rapa;Dinophyceae
Phalacroma rotundatum;Dinophyceae
Phytoflagelles excepte dinoflagelles;Autres flagelles
Pinnularia;Bacillariophyceae
Pinnularia cardinalis;Bacillariophyceae
Pinnularia didyma;Bacillariophyceae
Plagiodiscus;Bacillariophyceae
Plagiodiscus martensianus;Bacillariophyceae
Plagiogramma;Bacillariophyceae
Plagiogrammopsis;Bacillariophyceae
Plagiogrammopsis vanheurckii;Bacillariophyceae
Plagiolemma;Bacillariophyceae
Plagiolemma distortum;Bacillariophyceae
Plagioselmis;Cryptophyceae
Plagioselmis prolonga;Cryptophyceae
Plagiotropidaceae;Bacillariophyceae
Plagiotropis;Bacillariophyceae
Plagiotropis lepidoptera;Bacillariophyceae
Planktolyngbya;Cyanophyceae
Planktoniella sol;Bacillariophyceae
Planktothrix;Cyanophyceae
Planktothrix agardhii;Cyanophyceae
Planothidium;Bacillariophyceae
Pleurosigma;Bacillariophyceae
Pleurosigma + Gyrosigma;Bacillariophyceae
Pleurosigma aestuarii;Bacillariophyceae
Pleurosigma brasiliensis;Bacillariophyceae
Pleurosigma directum;Bacillariophyceae
Pleurosigma elongatum;Bacillariophyceae
Pleurosigma formosum;Bacillariophyceae
Pleurosigma majus;Bacillariophyceae
Pleurosigma marinum;Bacillariophyceae
Pleurosigma strigosum;Bacillariophyceae
Pleurosigmataceae;Bacillariophyceae
Pleurosira;Bacillariophyceae
Pleurosira laevis;Bacillariophyceae
Podocystis;Bacillariophyceae
Podocystis adriatica;Bacillariophyceae
Podolampas;Dinophyceae
Podolampas antarctica;Dinophyceae
Podolampas bipes;Dinophyceae
Podolampas elegans;Dinophyceae
Podolampas palmipes;Dinophyceae
Podolampas spinifera;Dinophyceae
Podosira;Bacillariophyceae
Podosira stelligera;Bacillariophyceae
Polykrikaceae;Dinophyceae
Polykrikos;Dinophyceae
Polykrikos schwarzii;Dinophyceae
Pontosphaera;Haptophyta
Pontosphaera syracusana;Haptophyta
Porosira;Bacillariophyceae
Prasinophyceae;Chlorophyta
Pravifusus hyalinus;Bacillariophyceae
Preperidinium;Dinophyceae
Proboscia;Bacillariophyceae
Proboscia alata;Bacillariophyceae
Proboscia alata f. alata;Bacillariophyceae
Proboscia alata f. gracillima;Bacillariophyceae
Proboscia indica;Bacillariophyceae
Proboscia truncata;Bacillariophyceae
Pronoctiluca;Dinophyceae
Pronoctiluca pelagica;Dinophyceae
Prorocentraceae;Dinophyceae
Prorocentrales;Dinophyceae
Prorocentrum;Dinophyceae
Prorocentrum arcuatum;Dinophyceae
Prorocentrum balticum + cordatum;Dinophyceae
Prorocentrum cordatum;Dinophyceae
Prorocentrum dentatum;Dinophyceae
Prorocentrum emarginatum;Dinophyceae
Prorocentrum gracile;Dinophyceae
Prorocentrum lenticulatum;Dinophyceae
Prorocentrum lima;Dinophyceae
Prorocentrum maximum;Dinophyceae
Prorocentrum mexicanum;Dinophyceae
Prorocentrum mexicanum + rhathymum;Dinophyceae
Prorocentrum micans;Dinophyceae
Prorocentrum micans + arcuatum + gibbosum + scutellum;Dinophyceae
Prorocentrum rostratum;Dinophyceae
Prorocentrum scutellum;Dinophyceae
Prorocentrum triestinum;Dinophyceae
Protoceratium;Dinophyceae
Protoceratium reticulatum;Dinophyceae
Protoceratium spinulosum;Dinophyceae
Protoctista;Autres protistes
Protoperidinium;Dinophyceae
Protoperidinium + Peridinium;Dinophyceae
Protoperidinium anguipes;Dinophyceae
Protoperidinium bipes;Dinophyceae
Protoperidinium brevipes;Dinophyceae
Protoperidinium capurroi;Dinophyceae
Protoperidinium cassum;Dinophyceae
Protoperidinium cerasus;Dinophyceae
Protoperidinium claudicans;Dinophyceae
Protoperidinium conicoides;Dinophyceae
Protoperidinium conicum;Dinophyceae
Protoperidinium crassipes;Dinophyceae
Protoperidinium depressum;Dinophyceae
Protoperidinium diabolum;Dinophyceae
Protoperidinium diabolum + longipes;Dinophyceae
Protoperidinium divergens;Dinophyceae
Protoperidinium granii;Dinophyceae
Protoperidinium hirobis;Dinophyceae
Protoperidinium huberi;Dinophyceae
Protoperidinium oblongum;Dinophyceae
Protoperidinium obtusum;Dinophyceae
Protoperidinium oceanicum;Dinophyceae
Protoperidinium oviforme;Dinophyceae
Protoperidinium ovum;Dinophyceae
Protoperidinium pallidum;Dinophyceae
Protoperidinium pellucidum;Dinophyceae
Protoperidinium pentagonum;Dinophyceae
Protoperidinium pentagonum + latissimum;Dinophyceae
Protoperidinium punctulatum;Dinophyceae
Protoperidinium quinquecorne;Dinophyceae
Protoperidinium solidicorne;Dinophyceae
Protoperidinium steinii;Dinophyceae
Protoperidinium steinii + pyriforme;Dinophyceae
Prymnesiaceae;Haptophyta
Prymnesiales;Haptophyta
Prymnesiophyceae;Haptophyta
Prymnesium;Haptophyta
Psammodictyon;Bacillariophyceae
Psammodiscus;Bacillariophyceae
Pseliodinium;Dinoflagellata incertae sedis
Pseliodinium fusus;Dinoflagellata incertae sedis
Pseudanabaena;Cyanophyceae
Pseudictyota dubium;Bacillariophyceae
Pseudochattonella;Dictyochophyceae
Pseudoguinardia recta;Bacillariophyceae
Pseudo-nitzschia;Bacillariophyceae
Pseudo-nitzschia americana;Bacillariophyceae
Pseudo-nitzschia australis;Bacillariophyceae
Pseudo-nitzschia delicatissima;Bacillariophyceae
Pseudo-nitzschia fraudulenta;Bacillariophyceae
Pseudo-nitzschia galaxiae;Bacillariophyceae
Pseudo-nitzschia multistriata;Bacillariophyceae
Pseudo-nitzschia pseudodelicatissima;Bacillariophyceae
Pseudo-nitzschia pungens;Bacillariophyceae
Pseudo-nitzschia seriata;Bacillariophyceae
Pseudo-nitzschia subcurvata;Bacillariophyceae
Pseudo-nitzschia subpacifica;Bacillariophyceae
Pseudo-nitzschia turgidula;Bacillariophyceae
Pseudo-nitzschia, complexe americana (americana + brasiliana);Bacillariophyceae
Pseudo-nitzschia, complexe delicatissima, groupe des fines (calliantha + delicatissima + pseudodelicatissima + subcurvata);Bacillariophyceae
Pseudo-nitzschia, complexe seriata, groupe des effilées (multiseries + pungens);Bacillariophyceae
Pseudo-nitzschia, complexe seriata, groupe des larges (australis + fraudulenta + seriata + subpacifica);Bacillariophyceae
Pseudo-nitzschia, groupe des larges asymétriques (australis + seriata + subpacifica);Bacillariophyceae
Pseudo-nitzschia, groupe des larges symétriques (fraudulenta);Bacillariophyceae
Pseudo-nitzschia, groupe des sigmoïdes (multistriata);Bacillariophyceae
Pseudopedinella;Dictyochophyceae
Pseudosolenia;Bacillariophyceae
Pseudosolenia calcar-avis;Bacillariophyceae
Pteromonas;Chlorophyta
Pterosperma;Chlorophyta
Pterosperma moebii;Chlorophyta
Pyramimonas;Chlorophyta
Pyramimonas longicauda;Chlorophyta
Pyrocystaceae;Dinophyceae
Pyrocystis;Dinophyceae
Pyrocystis fusiformis;Dinophyceae
Pyrocystis lunula;Dinophyceae
Pyrocystis noctiluca;Dinophyceae
Pyrocystis obtusa;Dinophyceae
Pyrocystis pseudonoctiluca;Dinophyceae
Pyrocystis robusta;Dinophyceae
Pyrodinium;Dinophyceae
Pyrodinium bahamense;Dinophyceae
Pyrophacaceae;Dinophyceae
Pyrophacus;Dinophyceae
Pyrophacus horologium;Dinophyceae
Raphidophyceae;Raphidophyceae
Raphidosphaera tenerrima;Xanthophyceae
Rhabdolithes;Haptophyta
Rhabdolithes claviger;Haptophyta
Rhabdonema;Bacillariophyceae
Rhabdonema adriaticum;Bacillariophyceae
Rhabdonema punctatum;Bacillariophyceae
Rhabdosphaera xiphos;Haptophyta
Rhaphoneis;Bacillariophyceae
Rhaphoneis + Delphineis;Bacillariophyceae
Rhaphoneis amphiceros;Bacillariophyceae
Rhizosolenia;Bacillariophyceae
Rhizosolenia acuminata;Bacillariophyceae
Rhizosolenia alata f. curvirostris;Bacillariophyceae
Rhizosolenia bergonii;Bacillariophyceae
Rhizosolenia calcar-avis;Bacillariophyceae
Rhizosolenia clevei;Bacillariophyceae
Rhizosolenia clevei var. communis;Bacillariophyceae
Rhizosolenia crassispina;Bacillariophyceae
Rhizosolenia debyana;Bacillariophyceae
Rhizosolenia hebetata;Bacillariophyceae
Rhizosolenia hyalina;Bacillariophyceae
Rhizosolenia imbricata;Bacillariophyceae
Rhizosolenia imbricata + styliformis;Bacillariophyceae
Rhizosolenia indica;Bacillariophyceae
Rhizosolenia longiseta;Bacillariophyceae
Rhizosolenia robusta;Bacillariophyceae
Rhizosolenia semispina;Bacillariophyceae
Rhizosolenia setigera;Bacillariophyceae
Rhizosolenia setigera + setigera f. pungens;Bacillariophyceae
Rhizosolenia setigera f. pungens;Bacillariophyceae
Rhizosolenia simplex;Bacillariophyceae
Rhizosolenia styliformis;Bacillariophyceae
Rhizosolenia styliformis var. longispina;Bacillariophyceae
Rhizosoleniaceae;Bacillariophyceae
Rhopalodia;Bacillariophyceae
Richelia intracellularis;Cyanophyceae
Roperia tesselata;Bacillariophyceae
Scenedesmus;Chlorophyta
Schroederella;Bacillariophyceae
Schroederia;Chlorophyta
Schuettiella mitra;Dinophyceae
Scrippsiella;Dinophyceae
Scrippsiella + Ensiculifera + Pentapharsodinium;Dinophyceae
Scrippsiella trochoidea;Dinophyceae
Scyphosphaera apsteinii;Haptophyta
Selenastrum;Chlorophyta
Seminavis;Bacillariophyceae
Shionodiscus oestrupii;Bacillariophyceae
Sinophysis;Dinophyceae
Skeletonema;Bacillariophyceae
Skeletonema costatum;Bacillariophyceae
Skeletonema subsalsum;Bacillariophyceae
Skeletonema tropicum;Bacillariophyceae
Spatulodinium;Dinophyceae
Spatulodinium pseudonoctiluca;Dinophyceae
Sphaerocystis;Chlorophyta
Spiraulax;Dinophyceae
Spiraulax kofoidii;Dinophyceae
Spirulina;Cyanophyceae
Staurastrum;Charophyta
Stauroneis;Bacillariophyceae
Stauroneis biblos;Bacillariophyceae
Staurosira;Bacillariophyceae
Stephanodiscus;Bacillariophyceae
Stephanodiscus astraea;Bacillariophyceae
Stephanopyxis;Bacillariophyceae
Stephanopyxis turris;Bacillariophyceae
Stichosiphon;Cyanophyceae
Stictocyclus;Bacillariophyceae
Striatella;Bacillariophyceae
Striatella interrupta;Bacillariophyceae
Striatella unipunctata;Bacillariophyceae
Stylodinium;Dinoflagellata incertae sedis
Surirella;Bacillariophyceae
Surirella recedens;Bacillariophyceae
Surirellaceae;Bacillariophyceae
Synechococcus;Cyanophyceae
Synechocystis;Cyanophyceae
Synedra;Bacillariophyceae
Synedra + Toxarium;Bacillariophyceae
Synedra arcuata;Bacillariophyceae
Synedra fulgens;Bacillariophyceae
Synedra ulna;Bacillariophyceae
Synedropsis;Bacillariophyceae
Synura;Synurophyceae
Syracosphaera;Haptophyta
Syracosphaera pulchra;Haptophyta
Syracosphaera rotula;Haptophyta
Tabellaria;Bacillariophyceae
Tabularia;Bacillariophyceae
Tabularia fasciculata;Bacillariophyceae
Tetradinium;Dinoflagellata incertae sedis
Tetraedron;Chlorophyta
Tetraedron minimum;Chlorophyta
Tetraselmis;Chlorophyta
Tetraselmis + Prasinocladus;Chlorophyta
Tetrastrum;Chlorophyta
Thalassionema;Bacillariophyceae
Thalassionema bacillare;Bacillariophyceae
Thalassionema frauenfeldii;Bacillariophyceae
Thalassionema nitzschioides;Bacillariophyceae
Thalassionemataceae;Bacillariophyceae
Thalassiophysa hyalina;Bacillariophyceae
Thalassiosira;Bacillariophyceae
Thalassiosira + Porosira;Bacillariophyceae
Thalassiosira allenii;Bacillariophyceae
Thalassiosira angulata;Bacillariophyceae
Thalassiosira anguste-lineata;Bacillariophyceae
Thalassiosira antarctica;Bacillariophyceae
Thalassiosira decipiens;Bacillariophyceae
Thalassiosira eccentrica;Bacillariophyceae
Thalassiosira gravida;Bacillariophyceae
Thalassiosira hendeyi;Bacillariophyceae
Thalassiosira leptopus;Bacillariophyceae
Thalassiosira levanderi;Bacillariophyceae
Thalassiosira levanderi + minima;Bacillariophyceae
Thalassiosira lineata;Bacillariophyceae
Thalassiosira minima;Bacillariophyceae
Thalassiosira nordenskioeldii;Bacillariophyceae
Thalassiosira punctigera;Bacillariophyceae
Thalassiosira subtilis;Bacillariophyceae
Thalassiosiraceae;Bacillariophyceae
Thalassiosirales;Bacillariophyceae
Thalassiothrix;Bacillariophyceae
Thalassiothrix frauenfeldii var. javanica;Bacillariophyceae
Thalassiothrix heteromorpha;Bacillariophyceae
Thalassiothrix longissima;Bacillariophyceae
Thalassiothrix mediterranea var. mediterranea;Bacillariophyceae
Thecadinium;Dinophyceae
Tiarina;Ciliophora
Tintinnidae;Ciliophora
Tintinnina;Ciliophora
Torodinium;Dinophyceae
Torodinium robustum;Dinophyceae
Torodinium teredo;Dinophyceae
Toxarium;Bacillariophyceae
Toxarium hennedyanum;Bacillariophyceae
Toxarium undulatum;Bacillariophyceae
Toxonidea;Bacillariophyceae
Toxonidea gregoriana;Bacillariophyceae
Trachelomonas;Euglenozoa
Trachyneis;Bacillariophyceae
Triadinium;Dinophyceae
Triadinium polyedricum;Dinophyceae
Triceratiaceae;Bacillariophyceae
Triceratium;Bacillariophyceae
Triceratium favus;Bacillariophyceae
Triceratium formosum f. formosum;Bacillariophyceae
Triceratium pentacrinus;Bacillariophyceae
Triceratium quadrangulare;Bacillariophyceae
Trichodesmium;Cyanophyceae
Trieres;Bacillariophyceae
Trieres mobiliensis;Bacillariophyceae
Trieres regia;Bacillariophyceae
Trigonium;Bacillariophyceae
Trigonium alternans;Bacillariophyceae
Trigonium arcticum;Bacillariophyceae
Trigonium formosum;Bacillariophyceae
Tripos;Dinophyceae
Tripos belone;Dinophyceae
Tripos brevis;Dinophyceae
Tripos contortus;Dinophyceae
Tripos contrarius;Dinophyceae
Tripos declinatus;Dinophyceae
Tripos extensus;Dinophyceae
Tripos falcatus;Dinophyceae
Tripos furca;Dinophyceae
Tripos fusus;Dinophyceae
Tripos gibberus;Dinophyceae
Tripos hexacanthus;Dinophyceae
Tripos horridus;Dinophyceae
Tripos kofoidii;Dinophyceae
Tripos limulus;Dinophyceae
Tripos lineatus;Dinophyceae
Tripos lineatus + minutus;Dinophyceae
Tripos longipes;Dinophyceae
Tripos longirostrus;Dinophyceae
Tripos macroceros;Dinophyceae
Tripos massiliensis;Dinophyceae
Tripos minutus;Dinophyceae
Tripos muelleri;Dinophyceae
Tripos pentagonus;Dinophyceae
Tripos pulchellus;Dinophyceae
Tripos symmetricus;Dinophyceae
Tripos teres;Dinophyceae
Tripos trichoceros;Dinophyceae
Tripos vultur;Dinophyceae
Tropidoneis;Bacillariophyceae
Tryblionella;Bacillariophyceae
Tryblionella coarctata;Bacillariophyceae
Ulnaria;Bacillariophyceae
Umbellosphaera;Haptophyta
Umbellosphaera irregularis;Haptophyta
Umbilicosphaera sibogae;Haptophyta
Volvocales;Chlorophyta
Vulcanodinium;Dinophyceae
Vulcanodinium rugosum;Dinophyceae
Warnowia;Dinophyceae
Warnowia + Nematodinium + Nematopsides;Dinophyceae
Warnowia polyphemus;Dinophyceae
Warnowiaceae;Dinophyceae
Willea crucifera;Chlorophyta
Zygoceros surirella;Bacillariophyceae
Ciliophora.x;Ciliophora
Archaeperidinium;Dinophyceae
Cryptophyceae.x;Cryptophyceae
Dinophyceae.x;Dinophyceae
Dinoflagellata.x;Dinoflagellata incertae sedis
Chromista.x;Chromista
